Wall time,Step,Value
1669066420.2230494,225,69.0
1669066428.5791347,450,70.0
1669066436.8899326,675,80.0
1669066445.29645,900,77.5
1669066454.3827276,1125,81.0
