Wall time,Step,Value
1669062972.784363,225,0.6949999928474426
1669062977.3253188,450,0.75
1669062981.898003,675,0.7549999952316284
1669062986.3039052,900,0.7699999809265137
1669062990.946312,1125,0.8050000071525574
