Wall time,Step,Value
1669066512.1178489,225,71.5
1669066520.2299197,450,70.5
1669066528.0479133,675,82.5
1669066535.6306047,900,84.0
1669066543.3196948,1125,83.0
