Wall time,Step,Value
1669066604.5715618,225,55.099998474121094
1669066612.8022447,450,64.9000015258789
1669066620.825633,675,68.80000305175781
1669066628.734579,900,61.900001525878906
1669066636.6983132,1125,68.30000305175781
