Wall time,Step,Value
1669062929.4194872,225,0.6700000166893005
1669062933.7861776,450,0.7200000286102295
1669062938.1079354,675,0.7699999809265137
1669062942.5423496,900,0.7799999713897705
1669062947.2226388,1125,0.7950000166893005
