Wall time,Step,Value
1669066558.8419986,225,50.79999923706055
1669066567.1398702,450,62.599998474121094
1669066575.4367938,675,66.19999694824219
1669066583.5776367,900,65.5
1669066591.7805002,1125,67.19999694824219
