Wall time,Step,Value
1669063014.4622107,225,0.699999988079071
1669063018.8673909,450,0.7300000190734863
1669063023.2553627,675,0.7699999809265137
1669063027.5828247,900,0.7649999856948853
1669063032.19684,1125,0.7850000262260437
