Wall time,Step,Value
1669066422.3629403,225,70.80000305175781
1669066430.5309975,450,74.19999694824219
1669066438.9183342,675,79.5
1669066447.5294795,900,79.19999694824219
1669066456.643692,1125,79.5
