Wall time,Step,Value
1669066649.6891143,225,50.099998474121094
1669066657.9942684,450,55.599998474121094
1669066666.2791293,675,64.19999694824219
1669066674.054597,900,68.19999694824219
1669066681.788188,1125,66.5999984741211
