Wall time,Step,Value
1669066514.1200504,225,72.19999694824219
1669066522.195924,450,76.69999694824219
1669066529.8647866,675,79.5
1669066537.4592257,900,79.5999984741211
1669066545.24031,1125,80.19999694824219
