Wall time,Step,Value
1669066469.8913367,225,72.80000305175781
1669066477.8955662,450,76.30000305175781
1669066485.6915183,675,78.4000015258789
1669066493.6680655,900,78.69999694824219
1669066501.2803707,1125,79.30000305175781
