Wall time,Step,Value
1669066467.652699,225,66.0
1669066475.9191067,450,69.0
1669066483.9447958,675,79.0
1669066491.8167772,900,75.5
1669066499.5160983,1125,77.5
